Title,Blog ID,Uploaded By,Timestamp

"Blockchain App Development: Top 10 Programming Languages to Choose in 2025",773,"Vaibhav Yadav","1/9/2025","12:46:26 PM"
"Automotive Supply Chain Software Development – Cost &amp; Benefits",759,"Vaibhav Yadav","1/9/2025","1:01:11 PM"
"Digital Transformation in Construction Company: Benefits of Custom App Development",774,"Vaibhav Yadav","1/9/2025","1:09:13 PM"
"AWS Cloud Migration: Migrating and Modernizing Windows Workloads | Benefits &amp; Strategy",775,"Vaibhav Yadav","1/9/2025","1:25:24 PM"
"Driving Digital Transformation: How AWS and Zoom Collaborated for Unprecedented Growth",776,"Vaibhav Yadav","1/9/2025","3:17:16 PM"
"Optimizing Fintech: How Stripe Harnessed AWS to Scale Secure Stripe Apple Pay Processing",777,"Vaibhav Yadav","1/9/2025","3:25:05 PM"
"How Disney+ Scaled Rapidly with AWS Cloud Services",778,"Vaibhav Yadav","1/9/2025","3:29:08 PM"
"Leveraging Artificial Intelligence: Voice-Activated Chatbots for Business Growth and Enhanced Customer Interaction",779,"Vaibhav Yadav","1/9/2025","3:35:36 PM"
"Why Choose QSS Technosoft for AWS Cloud Implementation Revolutionizing Your Rides: How Uber Used AWS to Optimize Operations.",780,"Vaibhav Yadav","1/9/2025","3:40:43 PM"
"Ecommerce App Development: Shopify’s AWS Integration",781,"Vaibhav Yadav","1/9/2025","3:46:35 PM"
"Leveraging AI Developers: AI-Powered AWS Codeguru Security to Detect and Resolve Code",782,"Vaibhav Yadav","1/9/2025","4:02:53 PM"
"Ecommerce App Development: How a Generative AI-Powered Shopping Assistant is Helping to Increase Sale",783,"Vaibhav Yadav","1/9/2025","4:05:45 PM"
"Odoo ERP Adoption: Key Considerations for Successful ERP Implementation",784,"Vaibhav Yadav","1/9/2025","4:13:01 PM"
"Scaling the Cloud: How Netflix Leveraged AWS for Seamless Global Streaming",698,"Vaibhav Yadav","1/9/2025","4:19:42 PM"
"Automotive Supply Chain Software Development - Cost &amp; Benefits",785,"Vaibhav Yadav","1/9/2025","4:35:14 PM"
"Automotive Supply Chain Software Development - Cost and Benefits",786,"Vaibhav Yadav","1/9/2025","4:37:09 PM"
"Automotive Supply Chain Software Development - Cost and Benefits",786,"Vaibhav Yadav","1/9/2025","4:47:09 PM"
"Automotive Supply Chain Software Development – Cost and&nbsp;Benefits",787,"Vaibhav Yadav","1/9/2025","4:48:28 PM"
"Automotive Supply Chain Software Development - Cost and Benefits",786,"Vaibhav Yadav","1/9/2025","4:51:38 PM"
"Automotive Supply Chain Software Development - Cost and Benefits",788,"Vaibhav Yadav","1/9/2025","4:55:44 PM"

"Automotive Supply Chain Software Development - Cost and Benefits",708,"Vaibhav Yadav","1/9/2025","4:58:36 PM"
"Digital Transformation in Construction: Shaping the Future",707,"Vaibhav Yadav","1/9/2025","5:02:21 PM"
"Migrating and Modernizing Windows Workloads on AWS",706,"Vaibhav Yadav","1/9/2025","5:05:56 PM"
"Unlocking the Power of Operational Analytics- Use cases, Best Practices, and Key Implementation Strategies",705,"Vaibhav Yadav","1/9/2025","5:07:53 PM"
"Driving Digital Transformation: How Zoom Leveraged AWS for Unprecedented Growth",704,"Vaibhav Yadav","1/9/2025","5:09:42 PM"
"Optimizing Fintech: How Stripe Harnessed AWS to Scale Secure Payment Processing",703,"Vaibhav Yadav","1/9/2025","5:11:24 PM"
"Streaming Success: How Disney+ Scaled Rapidly with AWS Cloud Services",702,"Vaibhav Yadav","1/9/2025","5:15:03 PM"
"Blockchain and AI: Innovative Ways They Can Work Together Shape",701,"Vaibhav Yadav","1/9/2025","5:17:08 PM"
"Leveraging Voice-Activated Chatbots for Business Growth: Enhancing Customer Interaction and Accessibility",719,"Vaibhav Yadav","1/9/2025","5:18:42 PM"
"Revolutionizing Your Rides: How Uber Used AWS to Optimize Operations.",700,"Vaibhav Yadav","1/9/2025","5:20:20 PM"
"Empowering E-commerce: How Shopify’s AWS Integration Revolutionized Online Retail",699,"Vaibhav Yadav","1/9/2025","5:29:46 PM"
"Scaling the Cloud: How Netflix Leveraged AWS for Seamless Global Streaming services",789,"Vaibhav Yadav","1/9/2025","5:38:33 PM"
"Leveraging AI-Powered AWS Codeguru Security to Detect and Resolve Code Vulnerabilities",697,"Vaibhav Yadav","1/9/2025","5:41:30 PM"
"How a Generative AI-Powered Shopping Assistant is Helping eCommerce to Increase Sales",696,"Vaibhav Yadav","1/9/2025","5:46:42 PM"
"Odoo ERP Adoption: Key Considerations for Success",695,"Vaibhav Yadav","1/9/2025","5:58:11 PM"
"Patient-Centric Care: Enhancing Healthcare Interactions with Generative AI",582,"Vaibhav Yadav","2/9/2025","10:15:38 AM"
"Exploring the Impact of Generative AI in Design and Content Creation",581,"Vaibhav Yadav","2/9/2025","10:18:33 AM"
"How to Develop a Mobile App like JIO TV?",575,"Vaibhav Yadav","2/9/2025","10:26:03 AM"
"How does Alexa and&nbsp;amazon echo work principle?",790,"Vaibhav Yadav","2/9/2025","10:37:56 AM"
"How does Alexa and&nbsp;amazon echo work principle?",790,"Vaibhav Yadav","2/9/2025","10:39:01 AM"
"How does Alexa and&nbsp;amazon echo work principle?",790,"Vaibhav Yadav","2/9/2025","10:41:44 AM"
"How does Alexa and amazon echo work principle?",791,"Vaibhav Yadav","2/9/2025","10:42:39 AM"
"How does Alexa and&nbsp;amazon echo work principle?",792,"Vaibhav Yadav","2/9/2025","10:48:23 AM"
"How does Alexa andamazon echo work principle?",570,"Vaibhav Yadav","2/9/2025","10:52:37 AM"
"Integrating Generative AI with Odoo for Business Efficiency",693,"Vaibhav Yadav","2/9/2025","11:04:14 AM"
"Blockchain vs Cloud Computing: What to Choose for Your Business?",692,"Vaibhav Yadav","2/9/2025","11:29:01 AM"
"Which Industry is Getting the Biggest Boost with Generative AI in 2024?",691,"Vaibhav Yadav","2/9/2025","11:37:55 AM"
"Building A Conversational AI Chatbot with Dialogflow",5,"Vaibhav Yadav","2/9/2025","11:48:31 AM"
"Crafting Smart Apps with Generative AI- The Future of App Development Industry",688,"Vaibhav Yadav","2/9/2025","12:04:39 PM"
"Generative AI in Creative Industries: Transforming Art, Music, and Content Creation",686,"Vaibhav Yadav","2/9/2025","12:10:25 PM"
"How to Customize Zoho CRM to Fit Your Business Needs: Some Useful Tips",685,"Vaibhav Yadav","2/9/2025","12:18:04 PM"
"Generative AI for Marketing: Strategies and Best Practices",684,"Vaibhav Yadav","2/9/2025","12:25:22 PM"
"Most Effective Role of AI in Healthcare Industry",683,"Vaibhav Yadav","2/9/2025","12:34:52 PM"
"Success Stories: How AWS Partnership is Transforming Businesses Across Industries",793,"Vaibhav Yadav","2/9/2025","12:42:24 PM"
"Success Stories: How AWS Partnership is Transforming Businesses Across Industries",793,"Vaibhav Yadav","2/9/2025","12:43:09 PM"
"Success Stories: How AWS Partnership is Transforming Businesses AcrossIndustries",682,"Vaibhav Yadav","2/9/2025","12:45:05 PM"
"The Challenges and Opportunities of Generative AI for Businesses In 2024-2025",681,"Vaibhav Yadav","2/9/2025","12:48:00 PM"
"Mobile App Design Trends to Follow in 2024- A Comprehensive Guide",680,"Vaibhav Yadav","2/9/2025","12:56:01 PM"
"Successful Cloud Adoption: How to Choose the Right AWS Partner?",679,"Vaibhav Yadav","2/9/2025","1:00:21 PM"
"What to Choose Between Native and Hybrid App Development?",678,"Vaibhav Yadav","2/9/2025","2:44:12 PM"
"Generative AI in eLearning: 10 Use Cases with Real-world Examples",671,"Vaibhav Yadav","2/9/2025","2:47:41 PM"
"Enhance Your Customer Experience by Seamlessly Integrating Odoo CRM with WhatsApp",676,"Vaibhav Yadav","2/9/2025","2:50:54 PM"
"How to Create a Metaverse Wallet?",675,"Vaibhav Yadav","2/9/2025","2:53:54 PM"
"Enterprise App Development with Low-Code Platforms: 6 Myths vs. Reality",674,"Vaibhav Yadav","2/9/2025","4:07:47 PM"
"On-Premise vs. Cloud: A Comprehensive Analysis of Benefits and Risks",673,"Vaibhav Yadav","2/9/2025","4:11:53 PM"
"Everything You Need to Know About Building a Cryptocurrency Wallet in 2024",672,"Vaibhav Yadav","2/9/2025","4:19:54 PM"
"Empowering Enterprises: 10 Benefits of Generative AI in the Cloud",670,"Vaibhav Yadav","2/9/2025","4:25:46 PM"
"Enhancing User Experience with Generative AI: A Look at Chatbots and Virtual Assistants",669,"Vaibhav Yadav","2/9/2025","4:30:26 PM"
"What is Ripple Blockchain? Everything You Need to Know in 2024?",689,"Vaibhav Yadav","2/9/2025","5:26:28 PM"
"Getting Started with Amazon Lex: AI Chatbot Development Guide",694,"Vaibhav Yadav","2/9/2025","5:30:10 PM"
"Exploring Generative AI in the Financial Industry: Wealth Management and Trading",668,"Vaibhav Yadav","3/9/2025","10:32:42 AM"
"Personalized Banking with AI Chatbots: A New Era of Customer Service",666,"Vaibhav Yadav","3/9/2025","10:35:01 AM"
"Generative AI in eCommerce and Supply Chain Will Boost Your ROI in 2024?",665,"Vaibhav Yadav","3/9/2025","10:37:51 AM"
"AI Chatbot Development – A Comprehensive Guide",664,"Vaibhav Yadav","3/9/2025","10:41:41 AM"
"The Impact of Generative AI on E-commerce and Personalization",663,"Vaibhav Yadav","3/9/2025","10:46:00 AM"
"How to boost Your Cloud mastery and AWS with Amazon Q?",661,"Vaibhav Yadav","3/9/2025","11:02:34 AM"
"Transforming Business using AWS-AI ML services",660,"Vaibhav Yadav","3/9/2025","11:04:39 AM"
"What Role Does AI Technology Play in App Development?",659,"Vaibhav Yadav","3/9/2025","11:07:37 AM"
"Understanding the Role of Artificial Intelligence Tools for Every Business",658,"Vaibhav Yadav","3/9/2025","11:10:24 AM"
"Why React Native as a Strategic Advantage for Startup Innovation?",656,"Vaibhav Yadav","3/9/2025","11:15:01 AM"
"Emerging Cybersecurity Trends and Technologies to Watch in 2024",655,"Vaibhav Yadav","3/9/2025","11:17:45 AM"
"How Much Does It Cost to Build a Mobile Banking App Like Wise?",654,"Vaibhav Yadav","3/9/2025","11:21:52 AM"
"Revolutionizing Python Development with LLM API Virtual Assistants",652,"Vaibhav Yadav","3/9/2025","11:23:40 AM"
"How To Build a Successful SaaS Design",651,"Vaibhav Yadav","3/9/2025","11:27:45 AM"
"AI in Gaming – How is Artificial Intelligence Redefining the Gaming Industry?",650,"Vaibhav Yadav","3/9/2025","11:30:13 AM"
"Artificial Intelligence in Banking How AI is Used in Banks",649,"Vaibhav Yadav","3/9/2025","11:32:47 AM"
"How Much Does It Cost to Build a Mobile Banking App Like Revolut?",648,"Vaibhav Yadav","3/9/2025","11:35:17 AM"
"How Govt Uses Blockchain In the Electoral Process. Is it free and fair for elections?",647,"Vaibhav Yadav","3/9/2025","11:36:58 AM"
"Artificial Intelligence in Healthcare: Innovative Use Cases and Application",646,"Vaibhav Yadav","3/9/2025","11:39:29 AM"
"Cost-Effective Benefits of Digital Automation in Healthcare",645,"Vaibhav Yadav","3/9/2025","11:41:53 AM"
"Future of Digital Healthcare on Cloud",644,"Vaibhav Yadav","3/9/2025","11:45:34 AM"
"Top Generative AI Startups Making an Impact in Tech",642,"Vaibhav Yadav","3/9/2025","11:47:17 AM"
"Understanding the Role of VAPT Testing in Compliance and Regulatory Standards",641,"Vaibhav Yadav","3/9/2025","11:55:15 AM"
"The Future of Software Testing: Leveraging Automation for Quality Assurance",640,"Vaibhav Yadav","3/9/2025","11:56:46 AM"
"Top Tools for Effective Vulnerability Assessment and Penetration Testing",639,"Vaibhav Yadav","3/9/2025","11:58:47 AM"
"The Importance of Security Testing in Today's Digital Landscape",638,"Vaibhav Yadav","3/9/2025","12:00:57 PM"
"Best Practices for Conducting VAPT Testing: Ensuring Robust Security Measures",637,"Vaibhav Yadav","3/9/2025","12:02:20 PM"
"Why Vulnerability Assessment and Penetration Testing (VAPT) is Crucial for Your Business Overall Security?",636,"Vaibhav Yadav","3/9/2025","12:03:42 PM"
"How to build an app like Atomic cryptocurrency wallet?",635,"Vaibhav Yadav","3/9/2025","12:06:17 PM"
"How Much Does It Cost to Build a Website Visitor Tracking Software like Hotjar?",634,"Vaibhav Yadav","3/9/2025","12:07:08 PM"
"How Much Does It Cost to Build an eCommerce Platform on BigCommerce?",633,"Vaibhav Yadav","3/9/2025","12:08:00 PM"
"How Much Does It Cost to Build a Fitness App Like FitoTrack?",632,"Vaibhav Yadav","3/9/2025","12:09:50 PM"
"How Much Does it Cost to Build a Music Streaming Platform Like YouTube Music?",631,"Vaibhav Yadav","3/9/2025","12:10:59 PM"
"How Much Does It Cost to Build a Fitness App Like Google Fit?",630,"Vaibhav Yadav","3/9/2025","12:13:16 PM"
"How Much Does it Cost to Build a Mobile Banking Apps Like Payoneer?",629,"Vaibhav Yadav","3/9/2025","12:15:25 PM"
"How Much Does It Cost to Build a Translation App Like DeepL?",626,"Vaibhav Yadav","3/9/2025","1:20:45 PM"
"How much does it cost to build a mobile banking app like Monese?",185,"Vaibhav Yadav","3/9/2025","1:21:41 PM"
"How Much Does It Cost to Build a Mobile Banking App like First Direct?",624,"Vaibhav Yadav","3/9/2025","1:22:54 PM"
"How Much Does It Cost to Build a DAM Software like MediaValet?",623,"Vaibhav Yadav","3/9/2025","1:23:46 PM"
"Cutting AWS Costs with IPv6: A Comprehensive Guide to Migrating from IPv4 to IPv6 for Elastic IPs",621,"Vaibhav Yadav","3/9/2025","1:26:46 PM"
"How to Build an App like Exodus Cryptocurrency Wallet?",620,"Vaibhav Yadav","3/9/2025","1:28:25 PM"
"How to Build an App like Trezor Cryptocurrency Wallet?",727,"Vaibhav Yadav","3/9/2025","1:29:17 PM"
"How to Create a Private Blockchain for Enhanced Security: A Step-by-Step Guide for Businesses",619,"Vaibhav Yadav","3/9/2025","1:30:27 PM"
"How to Create a Private Blockchain for Enhanced Security: A Step-by-Step Guide for Businesses",619,"Vaibhav Yadav","3/9/2025","1:31:03 PM"
"Blockchain in Trade Finance: Revolutionizing Global Commerce",618,"Vaibhav Yadav","3/9/2025","1:32:03 PM"
"Is Blockchain Intellectual Property Protection the Answer to Creators’ Copyright Problems?",617,"Vaibhav Yadav","3/9/2025","1:33:08 PM"
"AR in eCommerce – 10 benefits, use cases, and real-world examples for businesses",616,"Vaibhav Yadav","3/9/2025","1:34:07 PM"
"How AI in Media &amp; Entertainment is Revolutionizing : Use Cases &amp; Examples",794,"Vaibhav Yadav","3/9/2025","2:52:25 PM"
"How AI in Media &amp; Entertainment is Revolutionizing : Use Cases &amp; Examples",794,"Vaibhav Yadav","3/9/2025","2:54:14 PM"
"How AI in Media &amp; Entertainment is Revolutionizing : Use Cases &amp; Examples",794,"Vaibhav Yadav","3/9/2025","2:56:45 PM"
"How AI in Media &amp; Entertainment is Revolutionizing : Use Cases and Examples",795,"Vaibhav Yadav","3/9/2025","3:03:02 PM"
"How AI in Media and Entertainment is Revolutionizing : Use Cases and Examples",796,"Vaibhav Yadav","3/9/2025","3:04:13 PM"
"How AI in Media and&nbsp;Entertainment is Revolutionizing : Use Cases and&nbsp;Examples",797,"Vaibhav Yadav","3/9/2025","3:04:47 PM"
"aa",615,"Vaibhav Yadav","3/9/2025","3:05:39 PM"
"How AI in Media and&nbsp;Entertainment is Revolutionizing : Use Cases and&nbsp;Examples",797,"Vaibhav Yadav","3/9/2025","3:06:44 PM"
"How Much Does It Cost to Build a Crypto Payment Gateway like SpicePay?",614,"Vaibhav Yadav","3/9/2025","3:11:47 PM"
"AI In Travel &amp; Tourism – 10 Benefits, Use cases and Examples",798,"Vaibhav Yadav","3/9/2025","3:17:57 PM"
"AI In Travel and&nbsp;Tourism – 10 Benefits, Use cases and Examples",799,"Vaibhav Yadav","3/9/2025","3:18:55 PM"
"AI In Travel and&nbsp;Tourism – 10 Benefits, Use cases and Examples",799,"Vaibhav Yadav","3/9/2025","3:19:20 PM"
"AI In Travel and&nbsp;Tourism – 10 Benefits, Use cases and Examples",799,"Vaibhav Yadav","3/9/2025","3:19:52 PM"
"AI In Travel andTourism – 10 Benefits, Use cases and Examples",800,"Vaibhav Yadav","3/9/2025","3:22:39 PM"
"AI In Travel andTourism – 10 Benefits, Use cases and Examples",800,"Vaibhav Yadav","3/9/2025","3:23:39 PM"
"AI In Travel andTourism",613,"Vaibhav Yadav","3/9/2025","3:25:09 PM"
"AI In Travel and Tourism – 10 Benefits, Use cases and Examples",801,"Vaibhav Yadav","3/9/2025","3:25:45 PM"
"AI In Travel and Tourism – 10 Benefits, Use cases and Examples",801,"Vaibhav Yadav","3/9/2025","3:26:08 PM"
"How Much Does It Cost to Build an Ecommerce Platforms on Shopify Plus?",612,"Vaibhav Yadav","3/9/2025","3:27:57 PM"
"How Much Does It Cost to Build a Fitness App Like Runkeeper?",611,"Vaibhav Yadav","3/9/2025","3:28:57 PM"
"How Much Does it Cost to Build a Music Streaming Platform Like Deezer?",610,"Vaibhav Yadav","3/9/2025","3:29:58 PM"
"How Much Does It Cost to Build a Fitness App Like Strava?",609,"Vaibhav Yadav","3/9/2025","3:30:55 PM"
"How to Streamline Your Real Estate Business With Construction Project Management Software",608,"Vaibhav Yadav","3/9/2025","3:32:29 PM"
"How much does it cost to build a mobile banking app like Monzo",607,"Vaibhav Yadav","3/9/2025","3:50:23 PM"
"How is Blockchain Disrupting the Energy Sector? Benefits and Use Cases",622,"Vaibhav Yadav","3/9/2025","5:37:42 PM"
"How much does it cost to build a mobile banking apps like Revolut?",606,"Vaibhav Yadav","4/9/2025","10:52:37 AM"
"How Much Does It Cost to Build a Translation App Like Yandex Translate?",605,"Vaibhav Yadav","4/9/2025","10:52:41 AM"
"How Much Does It Cost to Build a DAM Software like Bynder?",604,"Vaibhav Yadav","4/9/2025","10:54:54 AM"
"How Much Does It Cost to Build a DAM Software like WebDAM?",603,"Vaibhav Yadav","4/9/2025","10:55:34 AM"
"How Much Does It Cost to Build a DAM Software like Brandfolder?",602,"Vaibhav Yadav","4/9/2025","10:56:53 AM"
"Top 10 Custom App Ideas for Salesforce",601,"Vaibhav Yadav","4/9/2025","10:57:54 AM"
"The Ultimate Guide to Salesforce Inventory Management System",600,"Vaibhav Yadav","4/9/2025","10:59:07 AM"
"Salesforce Sharepoint Integration - Benefits, Process and Challenges",599,"Vaibhav Yadav","4/9/2025","10:59:46 AM"
"Salesforce for Retail Industry – Automate Sales Processes to Improve Customer Experiences",598,"Vaibhav Yadav","4/9/2025","11:01:29 AM"
"Overcoming Common Challenges in Salesforce Implementation: A Practical Guide",597,"Vaibhav Yadav","4/9/2025","11:01:41 AM"
"Salesforce Customer 360 - Features, Benefits &amp; Use Cases",802,"Vaibhav Yadav","4/9/2025","11:03:10 AM"
"aa",596,"Vaibhav Yadav","4/9/2025","11:04:24 AM"
"Salesforce Customer 360 - Features, Benefits and&nbsp;Use Cases",803,"Vaibhav Yadav","4/9/2025","11:05:12 AM"
"Salesforce Customer 360 - Features, Benefits and&nbsp;Use Cases",803,"Vaibhav Yadav","4/9/2025","11:05:39 AM"
"The Future of Sales: AI and Machine Learning in Salesforce",595,"Vaibhav Yadav","4/9/2025","11:05:41 AM"
"Scaling Up: Expanding Your Business with Salesforce Scaling Best Practices",594,"Vaibhav Yadav","4/9/2025","11:07:04 AM"
"The Role of Salesforce in Customer Relationship Management (CRM)",593,"Vaibhav Yadav","4/9/2025","11:07:22 AM"
"Salesforce for Nonprofits: Transforming Philanthropy with Cloud Solutions",592,"Vaibhav Yadav","4/9/2025","11:11:52 AM"
"Salesforce Integration Strategies: Streamlining Your Business Processes",591,"Vaibhav Yadav","4/9/2025","11:12:23 AM"
"Boosting Sales Efficiency with Salesforce Automation",590,"Vaibhav Yadav","4/9/2025","11:14:03 AM"
"Unlocking Business Potential: A Comprehensive Guide to Salesforce Implementation",589,"Vaibhav Yadav","4/9/2025","11:15:47 AM"
"aa",588,"Vaibhav Yadav","4/9/2025","11:16:36 AM"
"How Generative AI is Impacting Multiple Industries - GI Use Cases and&nbsp;Applications",804,"Vaibhav Yadav","4/9/2025","11:17:36 AM"
"How Generative AI is Revolutionizing Supply Chain Operations",587,"Vaibhav Yadav","4/9/2025","11:19:48 AM"
"Generative AI in eCommerce: Top Benefits, Use Cases, and Real World Applications",586,"Vaibhav Yadav","4/9/2025","11:19:49 AM"
"aa",585,"Vaibhav Yadav","4/9/2025","11:22:43 AM"
"Patient-Centric Care: Enhancing Healthcare Interactions with Generative AI",582,"Vaibhav Yadav","4/9/2025","11:26:15 AM"
"AI-Driven Cybersecurity: Mitigating Threats in the Age of Generative AI",583,"Vaibhav Yadav","4/9/2025","11:26:16 AM"
"How to Develop a Mobile App like Hinge Dating App?",576,"Vaibhav Yadav","4/9/2025","11:28:14 AM"
"How to Develop a White-Label Telemedicine App? Process, Features and Costs",577,"Vaibhav Yadav","4/9/2025","11:28:15 AM"
"How to Develop a Mobile App Like Snapchat",574,"Vaibhav Yadav","4/9/2025","11:32:29 AM"
"How to Develop a Mobile App like Disney+ Hotstar?",573,"Vaibhav Yadav","4/9/2025","11:32:31 AM"
"Deployment and delivery of cloud service models and architecture",572,"Vaibhav Yadav","4/9/2025","11:32:32 AM"
"Why LGBTQ Community Mobile App the Need of The Hour?",571,"Vaibhav Yadav","4/9/2025","11:39:04 AM"
"aa",569,"Vaibhav Yadav","4/9/2025","11:47:52 AM"
"Spotify Clone: A Step-by-Step Guide to Developing Your Music Streaming App",568,"Vaibhav Yadav","4/9/2025","11:50:55 AM"
"Ultimate guide to creating powerful IPO marketing analysis software",567,"Vaibhav Yadav","4/9/2025","11:57:32 AM"
"How to Develop a Kindle Software Application?",565,"Vaibhav Yadav","4/9/2025","11:57:54 AM"
"Understanding Key Differences Among DICOM | PACS | RIS | CIS",370,"Vaibhav Yadav","4/9/2025","12:06:48 PM"
"Google Launches its Third Major Operating System- Google Fuchsia",281,"Vaibhav Yadav","4/9/2025","12:09:14 PM"
"Guide to Manage Parameterization and Correlation in JMeter?",805,"Vaibhav Yadav","4/9/2025","12:12:26 PM"
"Guide to Choose the Right Technology Stack for your Web Development",172,"Vaibhav Yadav","4/9/2025","12:13:45 PM"
"How to Handle Parameterization and Correlation in JMeter?",144,"Vaibhav Yadav","4/9/2025","12:15:46 PM"
"Top 6 NFT Marketplaces Of 2025 to Watchout",349,"Vaibhav Yadav","4/9/2025","12:22:36 PM"
"How to use Google Maps in Leaflet?",113,"Vaibhav Yadav","4/9/2025","12:40:34 PM"
"8 Biggest Mobile Game Development Trends of 2023",483,"Vaibhav Yadav","4/9/2025","12:42:19 PM"
"Remote Patient Monitoring using Generative AI",584,"Vaibhav Yadav","4/9/2025","12:48:01 PM"
"Blockchain App Development: Top 10 Programming Languages to Choose in 2024",690,"Vaibhav Yadav","9/9/2025","11:34:32 AM"
"How to create a Successful Food Delivery App Like UberEat",806,"Vaibhav Yadav","9/9/2025","11:39:20 AM"
"How to create a Successful Food Delivery App Like UberEats",564,"Vaibhav Yadav","9/9/2025","11:41:03 AM"
"Breaking News at Your Fingertips: How to Build Your Own News App development",807,"Vaibhav Yadav","9/9/2025","11:45:46 AM"
"Breaking News at Your Fingertips: How to Build Your Own News App development",808,"Vaibhav Yadav","9/9/2025","11:51:26 AM"
"Breaking News at Your Fingertips: How to Build Your Own News App",807,"Vaibhav Yadav","9/9/2025","11:54:05 AM"
"The Transformative Power of Cloud Computing in the Fintech Landscape",580,"Vaibhav Yadav","9/9/2025","11:56:46 AM"
"Integrating Google Maps in Leaflet in 2024",561,"Vaibhav Yadav","9/9/2025","12:00:21 PM"
"Develop the ultimate Subway Surfers 2 game app for the Play Store",558,"Vaibhav Yadav","9/9/2025","12:05:16 PM"
"The Soaring Popularity of Mobile Apps in the Healthcare Sector",579,"Vaibhav Yadav","9/9/2025","12:08:43 PM"
"The Ultimate Guide to Developing a Dream11 Application: Costs, Features, and More",578,"Vaibhav Yadav","9/9/2025","12:10:26 PM"
"5 Large Language Model Applications to Use in 2025",809,"Vaibhav Yadav","9/9/2025","12:13:39 PM"
"5 Large Language Model Applications to Use in 2025",809,"Vaibhav Yadav","9/9/2025","12:14:30 PM"
"How to Integrate ChatGPT into Your Website",553,"Vaibhav Yadav","9/9/2025","12:18:44 PM"
"Everything you need to know about the advantages of Apple's iOS 17",552,"Vaibhav Yadav","9/9/2025","12:20:52 PM"
"PUBG: Battlegrounds - An End-to-End Guide to Building a Gaming App",551,"Vaibhav Yadav","9/9/2025","12:26:16 PM"
"PUBG: Battlegrounds - An End-to-End Guide to Building a Gaming App",551,"Vaibhav Yadav","9/9/2025","12:27:12 PM"
"Create Your Ultimate AI Toolbox for Interior Design and Architecture",550,"Vaibhav Yadav","9/9/2025","12:31:49 PM"
"Building Custom E-Learning Platforms: Tailored Solutions for Optimal Learning Experiences",548,"Vaibhav Yadav","9/9/2025","12:33:38 PM"
"Understanding the Role of Cloud Storage in Managing &amp; Sharing Digital Medical Imaging",810,"Vaibhav Yadav","9/9/2025","12:37:33 PM"
"Understanding the Role of Cloud Storage in ManagingSharing Digital Medical Imaging",547,"Vaibhav Yadav","9/9/2025","12:39:50 PM"
"Benefits of Using Open Source DICOM Software",545,"Vaibhav Yadav","9/9/2025","12:44:24 PM"
"GPT-4: The Advancements Over GPT-3 You Need to Know",544,"Vaibhav Yadav","15/9/2025","9:57:15 AM"
"A Thorough Guide to Build an OTT App like Netflix in 2024",543,"Vaibhav Yadav","15/9/2025","9:59:28 AM"
"Exploring the Different Components of a DICOM Imaging Network",541,"Vaibhav Yadav","15/9/2025","10:03:19 AM"
"Benefits and Downsides of Migrating from an Older PACS to a Newer DICOM-Compliant System",540,"Vaibhav Yadav","15/9/2025","10:06:57 AM"
"A Thorough Guide to Build An App Like Threads (By Instagram)",539,"Vaibhav Yadav","15/9/2025","10:08:51 AM"
"PHP vs Python: Making the Right Choice for Mobile App Development",537,"Vaibhav Yadav","15/9/2025","10:11:29 AM"
"aa",536,"Vaibhav Yadav","15/9/2025","10:13:39 AM"
"Exploring the Latest Advances in AI and Machine Learning Applied to Medical Imaging with DICOM",811,"Vaibhav Yadav","15/9/2025","1:14:52 PM"
"Exploring the Latest Advances in AI and Machine Learning Applied to Medical Imaging with DICOM",811,"Vaibhav Yadav","15/9/2025","1:15:31 PM"
"aaa",535,"Vaibhav Yadav","15/9/2025","1:17:05 PM"
"Streamlining Healthcare Workflow with DICOM-Compatible Machines",533,"Vaibhav Yadav","15/9/2025","1:22:44 PM"
"Top 12 Low-Code Application Platforms for Faster App Development",532,"Vaibhav Yadav","15/9/2025","1:27:48 PM"
"DICOM vs PACS: Key Differences in Medical Imaging Solutions",531,"Vaibhav Yadav","15/9/2025","2:54:37 PM"
"How AI and Blockchain Are Reshaping the Insurance Sector?",530,"Vaibhav Yadav","15/9/2025","2:57:02 PM"
"Building Custom Charts and Dashboards in Salesforce",529,"Vaibhav Yadav","15/9/2025","3:00:28 PM"
"Topmost Advantages of Online Cloud PACS for Veterinary Clinics",528,"Vaibhav Yadav","15/9/2025","3:04:46 PM"
"Enhance Your App Development Workflow with Salesforce Communities",526,"Vaibhav Yadav","15/9/2025","3:07:14 PM"
"Top 10 Transformative Role of EHR Systems in Modern Healthcare",525,"Vaibhav Yadav","15/9/2025","3:11:31 PM"
"Salesforce : Developing Real Time Applications with Platform Events",524,"Vaibhav Yadav","15/9/2025","3:16:14 PM"
"Building Multi-language Support in Salesforce Apps",519,"Vaibhav Yadav","15/9/2025","3:19:15 PM"
"Get the most out of Salesforce CLI with powerful plugins for better development",628,"Vaibhav Yadav","15/9/2025","3:22:23 PM"
"Implementing Single Sign-On (SSO) in Salesforce Apps",627,"Vaibhav Yadav","15/9/2025","3:24:57 PM"
"Debugging and Troubleshooting in Salesforce",566,"Vaibhav Yadav","15/9/2025","3:46:40 PM"
"Blockchain Development : The Rise of Decentralised Social Media Apps",563,"Vaibhav Yadav","15/9/2025","3:48:12 PM"
"Enhance App Development with Salesforce Security and Access Controls",560,"Vaibhav Yadav","15/9/2025","3:49:58 PM"
"Discover the power of Salesforce AppExchange",559,"Vaibhav Yadav","15/9/2025","3:52:44 PM"
"Blockchain development for Gaming Apps: A New Era of Play-to-Earn Opportunities",557,"Vaibhav Yadav","15/9/2025","3:57:51 PM"
"Building Custom Email Solutions for Your Business Using Salesforce",556,"Vaibhav Yadav","15/9/2025","4:02:34 PM"
"Revolutionize Customer Support with Salesforce CRM",554,"Vaibhav Yadav","15/9/2025","4:05:54 PM"
"Exploring Blockchain Non-Fungible Tokens (NFTs): The Future of Digital Assets",546,"Vaibhav Yadav","15/9/2025","4:09:33 PM"
"Revolutionize Mobile Gaming with Blockchain App Development using Web3",542,"Vaibhav Yadav","17/9/2025","9:54:21 AM"
"Must-Have Salesforce Mobile SDK Plugins for Maximizing Efficiency and Productivity",538,"Vaibhav Yadav","17/9/2025","9:55:35 AM"
"11 Most Promising Climate-Focused Blockchain Development Projects in 2023",534,"Vaibhav Yadav","17/9/2025","9:57:06 AM"
"Get Started with Salesforce DX—A Comprehensive Introduction to Developer Experience",527,"Vaibhav Yadav","17/9/2025","9:58:33 AM"
"Blockchain development Security: Is It Safe to Use Distributed Ledger Technology?",523,"Vaibhav Yadav","17/9/2025","10:00:00 AM"
"Aion: Interoperable Blockchain development Network for Enterprises",522,"Vaibhav Yadav","17/9/2025","10:01:14 AM"
"Discover the Ultimate Guide to Creating Chatbots in Salesforce",521,"Vaibhav Yadav","17/9/2025","10:02:21 AM"
"Create stunning app UI/UX with Salesforce Lightning Design System",520,"Vaibhav Yadav","17/9/2025","10:04:24 AM"
"Uncover the 15 Best Testing Practices for Salesforce App Development",517,"Vaibhav Yadav","17/9/2025","6:26:47 PM"
"13 Best Practices for Salesforce App Success 2023",812,"Vaibhav Yadav","17/9/2025","6:28:48 PM"
"13 Best Practices for Successful Salesforce App Development in 2023",516,"Vaibhav Yadav","17/9/2025","6:29:25 PM"
"QSS is attending the Mega Salesforce Flagship Event – Dreamforce 2023 at San Francisco",515,"Vaibhav Yadav","17/9/2025","6:30:39 PM"
"Building an App for Salesforce AppExchange: A Comprehensive Guide",518,"Vaibhav Yadav","17/9/2025","6:32:46 PM"
"Join QSS Technosoft at the 11th International Forum on Web3, Cryptocurrencies, and Mining in Dubai, UAE!",514,"Vaibhav Yadav","19/9/2025","10:10:35 AM"
"Blockchain Development Based Voting Apps: Enhancing Electoral Integrity and Trust",513,"Vaibhav Yadav","19/9/2025","10:12:05 AM"
"Blockchain Development Security: A Breakthrough in the Realm of Finance",512,"Vaibhav Yadav","19/9/2025","10:12:20 AM"
"Securing Digital Identities with Blockchain-Based Identity Management Apps",511,"Vaibhav Yadav","19/9/2025","10:14:15 AM"
"Blockchain app development for Intellectual Property Rights: Protecting Creativity in the Digital Age",510,"Vaibhav Yadav","19/9/2025","10:14:39 AM"
"Blockchain Development in Government: Powering Secure and Transparent Public Services",509,"Vaibhav Yadav","19/9/2025","10:17:09 AM"
"Blockchain Software Services in Logistics: Revolutionising the Shipping and Freight Industry",508,"Vaibhav Yadav","19/9/2025","10:17:27 AM"
"Blockchain App Services for Real Estate: Streamlining Transactions and Ownership",507,"Vaibhav Yadav","19/9/2025","10:20:02 AM"
"Blockchain app development and IoT Integration: Building the Future of Smart Devices",506,"Vaibhav Yadav","19/9/2025","10:20:21 AM"
"The Role of Blockchain app development in Revolutionising Cross-Border Payments",505,"Vaibhav Yadav","22/9/2025","10:22:22 AM"
"Blockchain App Development Services for Traceability in the Food Industry",504,"Vaibhav Yadav","22/9/2025","10:22:41 AM"
"Blockchain Development Services company in Finance: Enhancing Security and Efficiency in Transactions",503,"Vaibhav Yadav","22/9/2025","10:25:25 AM"
"Blockchain App Development Services for Sustainable Energy Solutions",502,"Vaibhav Yadav","22/9/2025","10:25:26 AM"
"Blockchain App Development for Supply Chain Management: Enhancing Transparency and Efficiency",501,"Vaibhav Yadav","22/9/2025","10:27:18 AM"
"How Blockchain Application Development Technology is Changing the Writing Industry?",500,"Vaibhav Yadav","22/9/2025","10:27:19 AM"
"The Intersection of Blockchain and Cybersecurity: Opportunities and Challenges Blockchain Development Services",498,"Vaibhav Yadav","22/9/2025","10:29:29 AM"
"Exploring the Using Blockchain Explorers and Crypto Nodes for Blockchain App Development",499,"Vaibhav Yadav","22/9/2025","10:29:31 AM"
"A Comprehensive Guide to Blockchain App Development: Getting Started",496,"Vaibhav Yadav","22/9/2025","10:31:33 AM"
"Top Blockchain Technology App Development Platforms for 2023",497,"Vaibhav Yadav","22/9/2025","10:32:25 AM"
"7 Key Considerations for Selecting the Best Blockchain Development Company",495,"Vaibhav Yadav","22/9/2025","10:34:35 AM"
"Blockchain Technology in Healthcare: Transforming the Industry with Innovative Apps",494,"Vaibhav Yadav","22/9/2025","10:34:52 AM"
"10 Best Web Development Frameworks to Skyrocket Your Online Business",492,"Vaibhav Yadav","22/9/2025","10:37:13 AM"
"Salesforce App Development: Understanding the Key Components",493,"Vaibhav Yadav","22/9/2025","10:37:15 AM"
"Salesforce App Development: Top 10 Custom App Ideas",813,"Vaibhav Yadav","22/9/2025","10:39:52 AM"
"Top 10 Reasons Why Choose Salesforce for Your Business",491,"Vaibhav Yadav","22/9/2025","10:40:12 AM"
"aa",721,"Vaibhav Yadav","22/9/2025","10:41:16 AM"
"The Ultimate Guide to Building an On-Demand Laundry App",489,"Vaibhav Yadav","22/9/2025","10:44:03 AM"
"How is Salesforce Health Cloud Revolutionizing Patient Care?",490,"Vaibhav Yadav","22/9/2025","10:44:05 AM"
"Top 12 iOS App Development Tools to Develop iPhone Apps in 2023",488,"Vaibhav Yadav","23/9/2025","3:43:53 PM"
"Why Outsourcing AngularJS Development is a Smart Business Move in 2023?",487,"Vaibhav Yadav","23/9/2025","3:43:56 PM"
"How AI Models Can Empower Your Business in New Markets?",486,"Vaibhav Yadav","23/9/2025","3:46:36 PM"
"How the Metaverse is Unveiling New Opportunities for Insurance Businesses?",485,"Vaibhav Yadav","23/9/2025","3:46:36 PM"
"Fundamentals of Web Application Architecture - Latest Trends &amp; Practices",814,"Vaibhav Yadav","23/9/2025","3:50:16 PM"
"Make Your Real Estate Mobile App a Hit in 2023 with These Top Features",484,"Vaibhav Yadav","23/9/2025","3:50:16 PM"
"8 Biggest Mobile Game Development Trends of 2023",483,"Vaibhav Yadav","23/9/2025","3:52:16 PM"
"What Does it Cost to Build Metaverse Healthcare Solution?",481,"Vaibhav Yadav","24/9/2025","10:08:49 AM"
"Fundamentals of Web Application Architecture - Latest Trends &amp; Practices",814,"Vaibhav Yadav","24/9/2025","10:08:51 AM"
"aaa",482,"Vaibhav Yadav","24/9/2025","10:10:02 AM"
"How PWA's are Helping Ecommerce Businesses in Offering Seamless Online Shopping Experiences?",479,"Vaibhav Yadav","24/9/2025","10:13:24 AM"
"Transforming Logistics: How AI is Shaping the Future of the Industry?",478,"Vaibhav Yadav","24/9/2025","10:13:30 AM"
"How AI Tools like ChatGPT is Solving Top Industry Challenges?",477,"Vaibhav Yadav","24/9/2025","5:36:03 PM"
"How is Metaverse Transforming the Future of eCommerce Industry?",476,"Vaibhav Yadav","24/9/2025","5:36:19 PM"
"Top 10 Use Cases of Blockchain Technology in the Healthcare Industry",475,"Vaibhav Yadav","24/9/2025","5:38:00 PM"
"10 Mind-Blowing Ways Artificial Intelligence&nbsp;is Changing Mobile App Development",815,"Vaibhav Yadav","24/9/2025","5:38:00 PM"
"aaa",474,"Vaibhav Yadav","24/9/2025","5:39:31 PM"
"Building a Healthcare CRM System: A Comprehensive Guide",480,"Vaibhav Yadav","25/9/2025","5:23:56 PM"
"What Does it Cost to Build a Business Networking App like LinkedIn?",473,"Vaibhav Yadav","25/9/2025","5:26:21 PM"
"Tips &amp; Tricks to Reduce App Maintenance Cost in 2023",816,"Vaibhav Yadav","25/9/2025","5:26:44 PM"
"aaa",472,"Vaibhav Yadav","25/9/2025","5:28:08 PM"
"React or Angular: The Framework Face-off of 2023- Which One Reigns Supreme?",817,"Vaibhav Yadav","25/9/2025","5:30:12 PM"
"Top 10 Reasons Why Use Node.js in Your Next Web Development Projects?",471,"Vaibhav Yadav","25/9/2025","5:30:19 PM"
"aaa",470,"Vaibhav Yadav","25/9/2025","5:31:19 PM"
"Top 12 Tools to Consider for Blockchain App Development",469,"Vaibhav Yadav","25/9/2025","5:32:41 PM"
"Investing in the Future: The True Cost of Metaverse Development in 2023",468,"Vaibhav Yadav","25/9/2025","5:33:03 PM"
"Why is AngularJS the Superhero Framework for Enterprise Web Applications in 2023?",467,"Vaibhav Yadav","25/9/2025","5:34:47 PM"
"10 Benefits of Introducing Automation in the Healthcare Sector in 2023",466,"Vaibhav Yadav","26/9/2025","3:46:10 PM"
"How iOS App Development Services Benefit Enterprises in 2023?",465,"Vaibhav Yadav","26/9/2025","3:46:12 PM"
"Guide to Payment Gateway Development for your Business in 2023",464,"Vaibhav Yadav","26/9/2025","3:46:16 PM"
"Top 10 Fleet Management Technologies Worth to Implement in your Business in 2023",462,"Vaibhav Yadav","26/9/2025","3:49:11 PM"
"How to Develop BYJU's Like App?",460,"Vaibhav Yadav","26/9/2025","3:51:29 PM"
"Metaverse for Travel Experience in 2023",463,"Vaibhav Yadav","26/9/2025","3:54:15 PM"
"aaa",459,"Vaibhav Yadav","29/9/2025","2:19:16 PM"
"aaa",458,"Vaibhav Yadav","29/9/2025","2:27:31 PM"
"How will 5G Technology Impact Mobile App Development in 2023?",457,"Vaibhav Yadav","29/9/2025","2:29:43 PM"
"aaa",456,"Vaibhav Yadav","29/9/2025","2:32:14 PM"
"How Artificial Intelligence is Transforming the Retail Industry?",455,"Vaibhav Yadav","29/9/2025","2:34:08 PM"
"aaa",454,"Vaibhav Yadav","29/9/2025","2:35:33 PM"
"aaa",450,"Vaibhav Yadav","29/9/2025","2:37:28 PM"
"How to Build Apps for Foldable Smartphones? A Thorough Guide",452,"Vaibhav Yadav","29/9/2025","2:39:03 PM"
"aaa",451,"Vaibhav Yadav","29/9/2025","2:40:29 PM"
"Guide and Cost to Develop Josh Like App",451,"Vaibhav Yadav","29/9/2025","5:33:33 PM"
"Guide and Cost to Develop YouTube Like App",450,"Vaibhav Yadav","6/10/2025","12:39:14 PM"
"aaa",448,"Vaibhav Yadav","6/10/2025","12:42:59 PM"
"aaa",447,"Vaibhav Yadav","6/10/2025","12:47:57 PM"
"Chat GPT - Here is All About Viral AI Tool (In-Depth Analysis)",446,"Vaibhav Yadav","6/10/2025","12:50:56 PM"
"aaa",445,"Vaibhav Yadav","6/10/2025","12:53:50 PM"
"aaa",444,"Vaibhav Yadav","6/10/2025","12:59:26 PM"
"10 Biggest Blockchain Trends of 2023 That Can Lead Your Business to Success",443,"Vaibhav Yadav","6/10/2025","1:50:05 PM"
"aaa",442,"Vaibhav Yadav","6/10/2025","1:53:57 PM"
"aaa",441,"Vaibhav Yadav","6/10/2025","1:58:06 PM"
"How Much Time Does It Take to Develop a Mobile App in 2023?",439,"Vaibhav Yadav","6/10/2025","2:03:08 PM"
"aaa",440,"Vaibhav Yadav","6/10/2025","2:06:13 PM"
"aaa",438,"Vaibhav Yadav","6/10/2025","2:07:53 PM"
"aaa",437,"Vaibhav Yadav","6/10/2025","2:11:50 PM"
"Guide to Build an AI-Based Chatbot App for Business in 2023",12,"Vaibhav Yadav","6/10/2025","2:15:59 PM"
"aaa",436,"Vaibhav Yadav","6/10/2025","2:25:24 PM"
"aaa",435,"Vaibhav Yadav","6/10/2025","2:38:24 PM"
"aaa",434,"Vaibhav Yadav","6/10/2025","2:39:57 PM"
"aaa",433,"Vaibhav Yadav","6/10/2025","2:41:46 PM"
"How ReactJS App Development Ensures the Success of Your Business in 2023?",432,"Vaibhav Yadav","6/10/2025","2:47:47 PM"
"aaa",431,"Vaibhav Yadav","6/10/2025","2:49:39 PM"
"aaa",430,"Vaibhav Yadav","6/10/2025","2:51:33 PM"
"How Much Does It Cost to Develop a Website in 2023?",428,"Vaibhav Yadav","6/10/2025","2:54:44 PM"
"How React Native Helps You Cut App Development Costs?",427,"Vaibhav Yadav","6/10/2025","2:54:46 PM"
"Why Go for Cross-Platform Desktop Apps in 2023?",429,"Vaibhav Yadav","6/10/2025","2:57:01 PM"
"How CRM Integration to Logistics is Benefiting Logistics App Development",426,"Vaibhav Yadav","6/10/2025","2:59:48 PM"
"aaa",425,"Vaibhav Yadav","6/10/2025","3:01:32 PM"
"aaa",424,"Vaibhav Yadav","6/10/2025","3:03:36 PM"
"Top 10 Ways How Big Data is Efficiently Reducing Healthcare Costs",421,"Vaibhav Yadav","6/10/2025","3:07:07 PM"
"aaa",423,"Vaibhav Yadav","6/10/2025","3:09:59 PM"
"aaa",422,"Vaibhav Yadav","6/10/2025","3:12:20 PM"
"Top 10 Mobile Wallet App Trends that will be a Hit in 2023",420,"Vaibhav Yadav","6/10/2025","3:14:58 PM"
"Your Guide to Develop a Hospital App",419,"Vaibhav Yadav","6/10/2025","3:16:42 PM"
"Your Guide to Develop Orthopedic and Other Rehabilitation Centers App",418,"Vaibhav Yadav","6/10/2025","3:17:02 PM"
"Your Guide to Develop Imaging and Radiology Center App",417,"Vaibhav Yadav","8/10/2025","2:28:26 PM"
"Guide to Develop Diabetes Education Center App",415,"Vaibhav Yadav","8/10/2025","2:28:27 PM"
"Your Guide to Develop Dialysis Center App",416,"Vaibhav Yadav","8/10/2025","2:28:31 PM"
"Your Guide to Develop Blood Bank App",412,"Vaibhav Yadav","8/10/2025","2:34:10 PM"
"A Detailed Guide on Blockchain App Development in 2023",413,"Vaibhav Yadav","8/10/2025","2:34:14 PM"
"Your Guide to develop Clinics and Medical Offices App",414,"Vaibhav Yadav","8/10/2025","2:34:15 PM"
"Your Guide to Develop Birth Center App",411,"Vaibhav Yadav","8/10/2025","2:43:30 PM"
"Guide to Develop Telehealth App",410,"Vaibhav Yadav","8/10/2025","2:43:33 PM"
"How Can Fleet Management Systems Help You Cut Costs?",409,"Vaibhav Yadav","8/10/2025","2:43:37 PM"
"Your Guide to Develop Ambulatory Surgical Centers",408,"Vaibhav Yadav","8/10/2025","2:43:40 PM"
"Guide to Develop Nursing Home App",405,"Vaibhav Yadav","8/10/2025","2:47:20 PM"
"Your Guide to Develop Urgent Care App",407,"Vaibhav Yadav","8/10/2025","2:47:26 PM"
"Your Guide to Develop Mental Health and Addiction Treatment Centers App",403,"Vaibhav Yadav","9/10/2025","10:55:53 AM"
"5 Biggest Trends of Medical Technology Post-Pandemic",404,"Vaibhav Yadav","9/10/2025","10:55:56 AM"
"aaa games",818,"Vaibhav Yadav","9/10/2025","10:58:41 AM"
"aaa",402,"Vaibhav Yadav","9/10/2025","10:59:08 AM"
"Your Guide to Build a Successful On Demand Fuel Delivery App in 2023",406,"Vaibhav Yadav","9/10/2025","11:01:38 AM"
"Guide and Cost to Develop Bumble Like App",728,"Vaibhav Yadav","9/10/2025","11:04:28 AM"
"Your Guide to Develop Birth Center App",411,"Vaibhav Yadav","9/10/2025","11:32:39 AM"
"Guide to Develop Mortgage Apps",401,"Vaibhav Yadav","10/10/2025","5:47:29 PM"
"Your Guide to Develop Robo Advising App",400,"Vaibhav Yadav","10/10/2025","5:47:31 PM"
"Guide to Develop Digital Wealth Management App",399,"Vaibhav Yadav","10/10/2025","5:47:33 PM"
"Your Guide to Develop Real Estate Appraiser App",397,"Vaibhav Yadav","10/10/2025","5:50:10 PM"
"Guide to Develop RegTech App in 2023",396,"Vaibhav Yadav","10/10/2025","5:50:13 PM"
"Guide to Develop Point-Of-Sale App",395,"Vaibhav Yadav","10/10/2025","5:50:15 PM"
"Your Guide to develop Financial Record Maintenance App",394,"Vaibhav Yadav","10/10/2025","5:52:39 PM"
"Your Guide to Developing A Crypto Trading Mobile App",393,"Vaibhav Yadav","13/10/2025","10:16:17 AM"
"Your Guide to develop Stock trading app",392,"Vaibhav Yadav","13/10/2025","10:16:27 AM"
"aaa",391,"Vaibhav Yadav","13/10/2025","10:17:58 AM"
"Your Guide to Develop E-Mortgage Fintech App",390,"Vaibhav Yadav","13/10/2025","10:19:44 AM"
"Are You Doing These 10 Mistakes in Hiring Mobile App Developers?",389,"Vaibhav Yadav","13/10/2025","10:20:19 AM"
"Safeguard Your Salesforce Data: Ultimate Tips for Encryption and Security",724,"Vaibhav Yadav","13/10/2025","10:23:47 AM"
"Building Enterprise-Grade Blockchain Application Development: Challenges and Best Practices",726,"Vaibhav Yadav","13/10/2025","10:25:58 AM"
"Enhancing Reports and Dashboards in Salesforce Apps",723,"Vaibhav Yadav","13/10/2025","10:26:24 AM"
"Blockchain development Voting Apps: Ensuring Transparent and Tamper-Proof Elections",722,"Vaibhav Yadav","13/10/2025","10:29:02 AM"
"Guide to Develop A Loan Lending App in 2023",386,"Vaibhav Yadav","14/10/2025","11:48:25 AM"
"Your Guide to Develop Bill Reminder Mobile Apps",388,"Vaibhav Yadav","14/10/2025","11:48:34 AM"
"How NFTs are Revolutionizing Real Estate Transactions?",387,"Vaibhav Yadav","14/10/2025","11:48:36 AM"
"How to Develop a M-Wallet Finance App?",385,"Vaibhav Yadav","14/10/2025","11:53:43 AM"
"Guide to Develop Personal Finance Apps or Money Saving Apps",384,"Vaibhav Yadav","14/10/2025","11:53:52 AM"
"Guide and Cost to Develop Josh Like App",451,"Vaibhav Yadav","16/10/2025","11:41:22 AM"
"Your Guide to Develop Blockchain Wallet Apps",383,"Vaibhav Yadav","18/10/2025","10:53:32 AM"
"How to Choose the Right Web Application Architecture in 2023?",382,"Vaibhav Yadav","18/10/2025","10:56:44 AM"
"Your Guide to Develop Digital Banking Apps",381,"Vaibhav Yadav","18/10/2025","10:59:40 AM"
"How is Offshore Software Development A Perfect Way for Cost Savings in 2023?",380,"Vaibhav Yadav","18/10/2025","10:59:42 AM"
"Your Guide to Build a Crypto Exchange Platform",379,"Vaibhav Yadav","18/10/2025","11:05:28 AM"
"The Metaverse in 2023: Predictions and Possibilities",378,"Vaibhav Yadav","18/10/2025","11:05:32 AM"
"Your Guide to Develop Insurance Apps",376,"Vaibhav Yadav","18/10/2025","11:05:35 AM"
"How Personalized Medicine is Transforming Healthcare Industry?",374,"Vaibhav Yadav","18/10/2025","11:13:39 AM"
"Your Guide to Develop Investment and Trading App",375,"Vaibhav Yadav","18/10/2025","11:13:43 AM"
"HIPAA and Data Security: What Businesses Need to Know?",372,"Vaibhav Yadav","18/10/2025","11:17:09 AM"
"Guide to Develop Peer-to-Peer Money Transfer App",373,"Vaibhav Yadav","18/10/2025","11:19:34 AM"
"How Does DICOM Support Big Data Management?",368,"Vaibhav Yadav","18/10/2025","11:22:34 AM"
"What is Custom DICOM Web Programming",819,"Vaibhav Yadav","18/10/2025","11:24:41 AM"
"What is Custom DICOM Web Programming?",367,"Vaibhav Yadav","18/10/2025","11:26:16 AM"
"DICOM Programming Teleradiology Services",366,"Vaibhav Yadav","18/10/2025","11:28:09 AM"
"What is the Role of Smart Contracts in the Blockchain Ecosystem?",371,"Vaibhav Yadav","18/10/2025","11:30:15 AM"
"Understanding Key Differences Among DICOM | PACS | RIS | CIS",370,"Vaibhav Yadav","18/10/2025","11:33:49 AM"
"Top Android Frameworks &amp; Libraries for App Development in 2022-23",820,"Vaibhav Yadav","18/10/2025","11:35:17 AM"
"aaa",377,"Vaibhav Yadav","18/10/2025","1:07:01 PM"
"How to Build Apps for Foldable Smartphones? A Thorough Guide",452,"Vaibhav Yadav","18/10/2025","2:01:27 PM"
"A Guide to the Best Insurance App Ideas for 2023 &amp; Beyond",821,"Vaibhav Yadav","27/10/2025","9:43:21 AM"
"aaa",351,"Vaibhav Yadav","27/10/2025","11:40:57 AM"
"Law Enforcement Apps: Why Agencies Need one to Enhance Security",298,"Vaibhav Yadav","27/10/2025","11:44:14 AM"
"Law Enforcement Apps: Why Agencies Need one to Enhance Security",298,"Vaibhav Yadav","27/10/2025","11:46:00 AM"
"Top Law Enforcement App Development Trends to Watch Out for 2023",314,"Vaibhav Yadav","27/10/2025","11:47:55 AM"
"Why is React Native App Development So Cost-Effective for Startups?",294,"Vaibhav Yadav","27/10/2025","11:49:37 AM"
"How Much Does it Cost to Build React Native Based App? – QSS",725,"Vaibhav Yadav","27/10/2025","11:50:43 AM"
"Why Leverage Xamarin Technology for a Reduced Mobile App Development Cost?",291,"Vaibhav Yadav","27/10/2025","11:53:33 AM"
"Top Reasons to Choose ReactJS for Building Interactive User Interfaces",289,"Vaibhav Yadav","27/10/2025","11:55:36 AM"
"Why are Healthcare Organizations Investing in EHR Software Development?",288,"Vaibhav Yadav","27/10/2025","11:57:40 AM"
"How Can Flutter Technology Do Better Than a Human?",286,"Vaibhav Yadav","27/10/2025","11:59:56 AM"
"Why Should You Use ReactJS for Your Next Project?",283,"Vaibhav Yadav","27/10/2025","12:01:01 PM"
"A Guide to DICOM Integration Solutions",363,"Vaibhav Yadav","28/10/2025","11:16:20 AM"
"Top 10 Chatbot Development Companies",9,"Vaibhav Yadav","28/10/2025","11:17:55 AM"
"Determining the Chatbot Application Development Cost",230,"Vaibhav Yadav","28/10/2025","11:19:23 AM"
